{
  "project_info": {
    "project_number": "88351553194",
    "project_id": "wechat-9cdea",
    "storage_bucket": "wechat-9cdea.firebasestorage.app"
  },
  "client": [
    {
      "client_info": {
        "mobilesdk_app_id": "1:88351553194:android:3d84ac04ff231ded4a82d3",
        "android_client_info": {
          "package_name": "com.example.we_chat"
        }
      },
      "oauth_client": [],
      "api_key": [
        {
          "current_key": "AIzaSyACCZLieMgJ-D3L2RfcnVQhku0vGM2VMnc"
        }
      ],
      "services": {
        "appinvite_service": {
          "other_platform_oauth_client": []
        }
      }
    }
  ],
  "configuration_version": "1"
}